,LM,Model,C index
0,0.0,0,0.8481757551981169
1,0.0,1,0.8481757551981169
2,0.0,2,0.8481757551981169
3,0.0,3,0.8481757551981169
4,0.0,4,0.8481757551981169
5,0.0,5,0.8481757551981169
6,0.0,6,0.8481757551981169
7,0.0,7,0.8481757551981169
8,0.0,8,0.8481757551981169
9,0.0,9,0.8481757551981169
10,0.0,10,0.8481757551981169
11,0.0,11,0.8481757551981169
12,0.0,12,0.8481757551981169
13,0.0,13,0.8481757551981169
14,0.0,14,0.8485680659081993
15,0.0,15,0.8454295802275402
16,0.0,16,0.846214201647705
17,0.0,17,0.8469988230678698
18,0.0,18,0.8473911337779522
19,0.0,19,0.8473911337779522
20,0.0,20,0.8481757551981169
21,0.0,21,0.8442526480972931
22,0.0,22,0.840133385641428
23,0.0,23,0.870733621027854
24,0.0,24,0.8783836798744605
25,0.0,25,0.8575912122400942
26,0.0,26,0.864652805021577
27,0.0,27,0.8783836798744605
28,0.0,28,0.8638681836014123
29,0.0,29,0.8799529227147901
30,0.0,30,0.8826990976853668
31,0.0,31,0.8626912514711652
32,0.0,32,0.8760298156139663
33,0.0,33,0.8764221263240487
34,0.0,34,0.873675951353472
35,0.0,35,0.8854452726559435
36,0.0,36,0.8493526873283641
37,0.0,37,0.8740682620635544
38,0.0,38,0.8689682228324833
39,0.0,39,0.8528834837191055
40,0.0,40,0.873675951353472
41,0.0,41,0.8599450765005885
42,0.0,42,0.8542565712043939
43,0.0,43,0.8689682228324833
44,0.0,44,0.8513142408787759
45,0.0,45,0.8609258532757944
46,0.0,46,0.22008630835621812
47,0.0,47,0.3334641035700275
48,0.0,48,0.3597489211455473
49,0.0,49,0.4444880345233425
50,0.0,50,0.5037269517457826
51,0.0,51,0.48764221263240487
52,0.0,52,0.3601412318556297
53,0.0,53,0.5
54,0.0,54,0.2318556296586897
55,0.0,55,0.24009415457041977
56,0.0,56,0.4405649274225186
57,0.0,57,0.4442918791683013
58,0.0,58,0.6604550804236956
59,0.0,59,0.6604550804236956
60,0.0,60,0.791290702236171
61,0.0,61,0.7928599450765006
62,0.0,62,0.7861906630051
63,0.0,63,0.7995292271479011
64,0.0,64,0.8732836406433896
65,0.0,65,0.8724990192232248
66,0.0,66,0.830914083954492
67,0.0,67,0.8805413887799137
68,0.0,68,0.8568065908199294
69,0.0,69,0.7744213417026284
70,0.0,70,0.6396626127893291
71,0.0,71,0.7418595527657905
72,0.0,72,0.7183209101608474
73,0.0,73,0.7320517850137309
74,0.0,74,0.8226755590427619
75,0.0,75,0.6233817183209102
76,0.0,76,0.7791290702236171
77,0.0,77,0.8438603373872107
78,0.0,78,0.7685366810513927
79,0.0,79,0.7461749705766968
80,0.0,80,0.6959591996861514
81,0.0,81,0.7861906630051
82,0.0,82,0.7877599058454295
87,0.5,0,0.8455095393206142
88,0.5,1,0.8455095393206142
89,0.5,2,0.8455095393206142
90,0.5,3,0.8455095393206142
91,0.5,4,0.8455095393206142
92,0.5,5,0.8455095393206142
93,0.5,6,0.8455095393206142
94,0.5,7,0.8455095393206142
95,0.5,8,0.8455095393206142
96,0.5,9,0.8455095393206142
97,0.5,10,0.8455095393206142
98,0.5,11,0.8455095393206142
99,0.5,12,0.8455095393206142
100,0.5,13,0.8455095393206142
101,0.5,14,0.8455095393206142
102,0.5,15,0.8417868776174965
103,0.5,16,0.842717543043276
104,0.5,17,0.8436482084690554
105,0.5,18,0.8455095393206142
106,0.5,19,0.8455095393206142
107,0.5,20,0.8431828757561657
108,0.5,21,0.8403908794788274
109,0.5,22,0.8159609120521173
110,0.5,23,0.8489995346672871
111,0.5,24,0.8576081898557468
112,0.5,25,0.8306188925081434
113,0.5,26,0.8371335504885994
114,0.5,27,0.8617961842717543
115,0.5,28,0.8403908794788274
116,0.5,29,0.8543508608655188
117,0.5,30,0.8641228478362029
118,0.5,31,0.8406235458352722
119,0.5,32,0.8538855281526291
120,0.5,33,0.8599348534201955
121,0.5,34,0.8631921824104235
122,0.5,35,0.8771521637971149
123,0.5,36,0.8464402047463937
124,0.5,37,0.8676128431828758
125,0.5,38,0.865518845974872
126,0.5,39,0.8571428571428571
127,0.5,40,0.8711028385295486
128,0.5,41,0.8594695207073058
129,0.5,42,0.8506281991624011
130,0.5,43,0.8664495114006515
131,0.5,44,0.8624941833410888
132,0.5,45,0.8559795253606328
133,0.5,46,0.2182410423452769
134,0.5,47,0.357375523499302
135,0.5,48,0.3773848301535598
136,0.5,49,0.498371335504886
137,0.5,50,0.44625407166123776
138,0.5,51,0.47929269427640764
139,0.5,52,0.3559795253606329
140,0.5,53,0.5
141,0.5,54,0.2964169381107492
142,0.5,55,0.27919962773382967
143,0.5,56,0.3992554676593765
144,0.5,57,0.38855281526291297
145,0.5,58,0.6798510935318753
146,0.5,59,0.6798510935318753
147,0.5,60,0.7368543508608655
148,0.5,61,0.7359236854350861
149,0.5,62,0.7345276872964169
150,0.5,63,0.7333643555141927
151,0.5,64,0.8464402047463937
152,0.5,65,0.8464402047463937
153,0.5,66,0.7975802698929735
154,0.5,67,0.8783154955793392
155,0.5,68,0.8624941833410888
156,0.5,69,0.8068869241507678
157,0.5,70,0.6468124709167055
158,0.5,71,0.7477896696137738
159,0.5,72,0.7310376919497441
160,0.5,73,0.7971149371800837
161,0.5,74,0.8073522568636575
162,0.5,75,0.6142391810144253
163,0.5,76,0.7561656584457888
164,0.5,77,0.7989762680316427
165,0.5,78,0.7598883201489065
166,0.5,79,0.7626803164262448
167,0.5,80,0.6789204281060959
168,0.5,81,0.7743136342484876
169,0.5,82,0.7817589576547231
174,1.0,0,0.8407679277244494
175,1.0,1,0.8407679277244494
176,1.0,2,0.8407679277244494
177,1.0,3,0.8407679277244494
178,1.0,4,0.8407679277244494
179,1.0,5,0.8402032749858837
180,1.0,6,0.8407679277244494
181,1.0,7,0.8407679277244494
182,1.0,8,0.8413325804630153
183,1.0,9,0.8407679277244494
184,1.0,10,0.8407679277244494
185,1.0,11,0.8407679277244494
186,1.0,12,0.8407679277244494
187,1.0,13,0.8402032749858837
188,1.0,14,0.8407679277244494
189,1.0,15,0.8373800112930547
190,1.0,16,0.8396386222473179
191,1.0,17,0.8402032749858837
192,1.0,18,0.8402032749858837
193,1.0,19,0.8396386222473179
194,1.0,20,0.8402032749858837
195,1.0,21,0.8351214003387917
196,1.0,22,0.7699040090344438
197,1.0,23,0.8049124788255223
198,1.0,24,0.8322981366459627
199,1.0,25,0.7854319593450029
200,1.0,26,0.805759457933371
201,1.0,27,0.8300395256916996
202,1.0,28,0.8020892151326934
203,1.0,29,0.8136645962732919
204,1.0,30,0.8328627893845285
205,1.0,31,0.7967250141163185
206,1.0,32,0.821005081874647
207,1.0,33,0.8294748729531338
208,1.0,34,0.8252399774138904
209,1.0,35,0.849802371541502
210,1.0,36,0.8537549407114624
211,1.0,37,0.8272162619988707
212,1.0,38,0.8520609824957651
213,1.0,39,0.8571428571428571
214,1.0,40,0.83399209486166
215,1.0,41,0.8441558441558441
216,1.0,42,0.8514963297571994
217,1.0,43,0.831733483907397
218,1.0,44,0.8354037267080745
219,1.0,45,0.8452851496329757
220,1.0,46,0.2518351214003388
221,1.0,47,0.27498588368153587
222,1.0,48,0.37775268210050816
223,1.0,49,0.4257481648785997
224,1.0,50,0.435347261434218
225,1.0,51,0.4483342744212309
226,1.0,52,0.40429136081309996
227,1.0,53,0.5
228,1.0,54,0.28402032749858835
229,1.0,55,0.326369282891022
230,1.0,56,0.3958215697346132
231,1.0,57,0.41332580463015245
232,1.0,58,0.6671372106154715
233,1.0,59,0.6671372106154715
234,1.0,60,0.7145680406549971
235,1.0,61,0.7156973461321288
236,1.0,62,0.7484472049689441
237,1.0,63,0.7515527950310559
238,1.0,64,0.8252399774138904
239,1.0,65,0.8252399774138904
240,1.0,66,0.8198757763975155
241,1.0,67,0.8424618859401468
242,1.0,68,0.849802371541502
243,1.0,69,0.7939017504234895
244,1.0,70,0.6284584980237155
245,1.0,71,0.7213438735177866
246,1.0,72,0.7552230378317335
247,1.0,73,0.7476002258610954
248,1.0,74,0.7701863354037267
249,1.0,75,0.6612083568605308
250,1.0,76,0.7492941840767928
251,1.0,77,0.7859966120835686
252,1.0,78,0.7792207792207793
253,1.0,79,0.7295313382269905
254,1.0,80,0.6962168266516092
255,1.0,81,0.7278373800112931
256,1.0,82,0.7758328627893846
261,1.5,0,0.8225157955198162
262,1.5,1,0.8225157955198162
263,1.5,2,0.8225157955198162
264,1.5,3,0.8225157955198162
265,1.5,4,0.8225157955198162
266,1.5,5,0.8219414129810454
267,1.5,6,0.8219414129810454
268,1.5,7,0.8219414129810454
269,1.5,8,0.8225157955198162
270,1.5,9,0.823090178058587
271,1.5,10,0.8219414129810454
272,1.5,11,0.8219414129810454
273,1.5,12,0.8219414129810454
274,1.5,13,0.8225157955198162
275,1.5,14,0.823090178058587
276,1.5,15,0.8196438828259621
277,1.5,16,0.8207926479035037
278,1.5,17,0.8213670304422745
279,1.5,18,0.8236645605973578
280,1.5,19,0.8213670304422745
281,1.5,20,0.8207926479035037
282,1.5,21,0.8236645605973578
283,1.5,22,0.7599080987937966
284,1.5,23,0.8018380241240666
285,1.5,24,0.8161975875933372
286,1.5,25,0.7848937392303273
287,1.5,26,0.7949454336588168
288,1.5,27,0.8190695002871913
289,1.5,28,0.7900631820792647
290,1.5,29,0.8110281447443998
291,1.5,30,0.8236645605973578
292,1.5,31,0.7935094773118897
293,1.5,32,0.8104537622056289
294,1.5,33,0.8190695002871913
295,1.5,34,0.8047099368179207
296,1.5,35,0.8480758184951177
297,1.5,36,0.8477886272257323
298,1.5,37,0.811889718552556
299,1.5,38,0.8437679494543366
300,1.5,39,0.8437679494543366
301,1.5,40,0.829408385985066
302,1.5,41,0.8357265939115451
303,1.5,42,0.8319931074095348
304,1.5,43,0.8242389431361287
305,1.5,44,0.8251005169442849
306,1.5,45,0.8239517518667433
307,1.5,46,0.2601952900631821
308,1.5,47,0.2998276852383688
309,1.5,48,0.3658816771970132
310,1.5,49,0.43710511200459506
311,1.5,50,0.402067777139575
312,1.5,51,0.4531878230901781
313,1.5,52,0.4595060310166571
314,1.5,53,0.5
315,1.5,54,0.3314187248707639
316,1.5,55,0.3492245835726594
317,1.5,56,0.41298104537622055
318,1.5,57,0.37076392877656517
319,1.5,58,0.6424468696151637
320,1.5,59,0.6424468696151637
321,1.5,60,0.7214244686961516
322,1.5,61,0.7219988512349225
323,1.5,62,0.7260195290063182
324,1.5,63,0.7337736932797243
325,1.5,64,0.7992533026995979
326,1.5,65,0.7992533026995979
327,1.5,66,0.7530155083285468
328,1.5,67,0.8322802986789202
329,1.5,68,0.8004020677771396
330,1.5,69,0.7484204480183803
331,1.5,70,0.6025272831705916
332,1.5,71,0.6786329695577255
333,1.5,72,0.7357840321654222
334,1.5,73,0.6645605973578403
335,1.5,74,0.7650775416427341
336,1.5,75,0.5772544514646755
337,1.5,76,0.688110281447444
338,1.5,77,0.723147616312464
339,1.5,78,0.7702469844916715
340,1.5,79,0.7096496266513498
341,1.5,80,0.7024698449167145
342,1.5,81,0.7145318782309018
343,1.5,82,0.7736932797242964
348,2.0,0,0.8179890975166566
349,2.0,1,0.8179890975166566
350,2.0,2,0.8179890975166566
351,2.0,3,0.8179890975166566
352,2.0,4,0.8179890975166566
353,2.0,5,0.8173834039975773
354,2.0,6,0.8173834039975773
355,2.0,7,0.8173834039975773
356,2.0,8,0.8179890975166566
357,2.0,9,0.8179890975166566
358,2.0,10,0.8173834039975773
359,2.0,11,0.8173834039975773
360,2.0,12,0.8173834039975773
361,2.0,13,0.8173834039975773
362,2.0,14,0.8173834039975773
363,2.0,15,0.8170805572380375
364,2.0,16,0.8161720169594185
365,2.0,17,0.8173834039975773
366,2.0,18,0.8204118715929739
367,2.0,19,0.8179890975166566
368,2.0,20,0.8201090248334343
369,2.0,21,0.8164748637189582
370,2.0,22,0.7919442761962447
371,2.0,23,0.818594791035736
372,2.0,24,0.8158691701998788
373,2.0,25,0.8052695336159903
374,2.0,26,0.8188976377952756
375,2.0,27,0.8267716535433071
376,2.0,28,0.8237431859479104
377,2.0,29,0.824954572986069
378,2.0,30,0.8316172016959419
379,2.0,31,0.8137492428831011
380,2.0,32,0.8285887341005451
381,2.0,33,0.8273773470623864
382,2.0,34,0.839794064203513
383,2.0,35,0.8419139915202908
384,2.0,36,0.8316172016959419
385,2.0,37,0.838885523924894
386,2.0,38,0.8437310720775287
387,2.0,39,0.837068443367656
388,2.0,40,0.8334342822531798
389,2.0,41,0.8325257419745609
390,2.0,42,0.8255602665051484
391,2.0,43,0.8255602665051484
392,2.0,44,0.8313143549364022
393,2.0,45,0.8134463961235615
394,2.0,46,0.24227740763173833
395,2.0,47,0.31738340399757725
396,2.0,48,0.34463961235614776
397,2.0,49,0.4566929133858268
398,2.0,50,0.404603270745003
399,2.0,51,0.5299818291944276
400,2.0,52,0.3779527559055118
401,2.0,53,0.5
402,2.0,54,0.3779527559055118
403,2.0,55,0.42761962447001817
404,2.0,56,0.48940036341611143
405,2.0,57,0.45336159903089035
406,2.0,58,0.681405208964264
407,2.0,59,0.681405208964264
408,2.0,60,0.7546941247728649
409,2.0,61,0.7559055118110236
410,2.0,62,0.758328285887341
411,2.0,63,0.7559055118110236
412,2.0,64,0.7855844942459116
413,2.0,65,0.7831617201695942
414,2.0,66,0.7801332525741974
415,2.0,67,0.8531193216232587
416,2.0,68,0.7855844942459116
417,2.0,69,0.7044215626892792
418,2.0,70,0.5908540278619019
419,2.0,71,0.6774682010902483
420,2.0,72,0.7244094488188977
421,2.0,73,0.6620230163537251
422,2.0,74,0.7831617201695942
423,2.0,75,0.6674742580254391
424,2.0,76,0.6977589339794065
425,2.0,77,0.7365233192004845
426,2.0,78,0.7674136886735312
427,2.0,79,0.7274379164142943
428,2.0,80,0.6838279830405815
429,2.0,81,0.6892792247122955
430,2.0,82,0.7425802543912781
435,2.5,0,0.8168168168168168
436,2.5,1,0.8168168168168168
437,2.5,2,0.8168168168168168
438,2.5,3,0.8168168168168168
439,2.5,4,0.8168168168168168
440,2.5,5,0.8175675675675675
441,2.5,6,0.8175675675675675
442,2.5,7,0.8175675675675675
443,2.5,8,0.8168168168168168
444,2.5,9,0.8168168168168168
445,2.5,10,0.8175675675675675
446,2.5,11,0.8175675675675675
447,2.5,12,0.8175675675675675
448,2.5,13,0.8175675675675675
449,2.5,14,0.8168168168168168
450,2.5,15,0.8175675675675675
451,2.5,16,0.8168168168168168
452,2.5,17,0.8183183183183184
453,2.5,18,0.8183183183183184
454,2.5,19,0.8183183183183184
455,2.5,20,0.8145645645645646
456,2.5,21,0.8123123123123123
457,2.5,22,0.7931681681681682
458,2.5,23,0.8333333333333334
459,2.5,24,0.8363363363363363
460,2.5,25,0.8093093093093093
461,2.5,26,0.8280780780780781
462,2.5,27,0.8295795795795796
463,2.5,28,0.8168168168168168
464,2.5,29,0.8280780780780781
465,2.5,30,0.8303303303303303
466,2.5,31,0.8141891891891891
467,2.5,32,0.8355855855855856
468,2.5,33,0.8318318318318318
469,2.5,34,0.8494744744744744
470,2.5,35,0.8464714714714715
471,2.5,36,0.8325825825825826
472,2.5,37,0.8385885885885885
473,2.5,38,0.8273273273273273
474,2.5,39,0.8363363363363363
475,2.5,40,0.8303303303303303
476,2.5,41,0.823948948948949
477,2.5,42,0.8205705705705706
478,2.5,43,0.8303303303303303
479,2.5,44,0.8269519519519519
480,2.5,45,0.831081081081081
481,2.5,46,0.246996996996997
482,2.5,47,0.3153153153153153
483,2.5,48,0.3633633633633634
484,2.5,49,0.4159159159159159
485,2.5,50,0.35135135135135137
486,2.5,51,0.5105105105105106
487,2.5,52,0.39864864864864863
488,2.5,53,0.5
489,2.5,54,0.41291291291291293
490,2.5,55,0.4864864864864865
491,2.5,56,0.5097597597597597
492,2.5,57,0.45345345345345345
493,2.5,58,0.6036036036036037
494,2.5,59,0.6036036036036037
495,2.5,60,0.6028528528528528
496,2.5,61,0.6148648648648649
497,2.5,62,0.6501501501501501
498,2.5,63,0.6565315315315315
499,2.5,64,0.793918918918919
500,2.5,65,0.7924174174174174
501,2.5,66,0.7484984984984985
502,2.5,67,0.8490990990990991
503,2.5,68,0.774024024024024
504,2.5,69,0.7252252252252253
505,2.5,70,0.6343843843843844
506,2.5,71,0.7083333333333334
507,2.5,72,0.7567567567567568
508,2.5,73,0.6801801801801802
509,2.5,74,0.816066066066066
510,2.5,75,0.6891891891891891
511,2.5,76,0.762012012012012
512,2.5,77,0.7942942942942943
513,2.5,78,0.7642642642642643
514,2.5,79,0.8033033033033034
515,2.5,80,0.7852852852852853
516,2.5,81,0.7702702702702703
517,2.5,82,0.7942942942942943
522,3.0,0,0.7372421281216069
523,3.0,1,0.7372421281216069
524,3.0,2,0.7372421281216069
525,3.0,3,0.7372421281216069
526,3.0,4,0.7372421281216069
527,3.0,5,0.739413680781759
528,3.0,6,0.739413680781759
529,3.0,7,0.739413680781759
530,3.0,8,0.738327904451683
531,3.0,9,0.738327904451683
532,3.0,10,0.739413680781759
533,3.0,11,0.739413680781759
534,3.0,12,0.739413680781759
535,3.0,13,0.739413680781759
536,3.0,14,0.738327904451683
537,3.0,15,0.738327904451683
538,3.0,16,0.7350705754614549
539,3.0,17,0.7350705754614549
540,3.0,18,0.7372421281216069
541,3.0,19,0.7372421281216069
542,3.0,20,0.7339847991313789
543,3.0,21,0.7296416938110749
544,3.0,22,0.6976112920738328
545,3.0,23,0.754071661237785
546,3.0,24,0.7752442996742671
547,3.0,25,0.7361563517915309
548,3.0,26,0.754614549402823
549,3.0,27,0.7643865363735071
550,3.0,28,0.739413680781759
551,3.0,29,0.754614549402823
552,3.0,30,0.7633007600434311
553,3.0,31,0.743213897937025
554,3.0,32,0.761129207383279
555,3.0,33,0.7774158523344191
556,3.0,34,0.7643865363735071
557,3.0,35,0.7844733984799132
558,3.0,36,0.7861020629750272
559,3.0,37,0.749185667752443
560,3.0,38,0.758957654723127
561,3.0,39,0.7893593919652552
562,3.0,40,0.756786102062975
563,3.0,41,0.7774158523344191
564,3.0,42,0.8213897937024973
565,3.0,43,0.762214983713355
566,3.0,44,0.7828447339847991
567,3.0,45,0.8089033659066233
568,3.0,46,0.26058631921824105
569,3.0,47,0.3713355048859935
570,3.0,48,0.3007600434310532
571,3.0,49,0.4603691639522258
572,3.0,50,0.3745928338762215
573,3.0,51,0.5548317046688382
574,3.0,52,0.40608034744842564
575,3.0,53,0.5
576,3.0,54,0.5135722041259501
577,3.0,55,0.6145494028230185
578,3.0,56,0.5570032573289903
579,3.0,57,0.49728555917481
580,3.0,58,0.5570032573289903
581,3.0,59,0.5570032573289903
582,3.0,60,0.6194353963083605
583,3.0,61,0.5955483170466884
584,3.0,62,0.5722041259500543
585,3.0,63,0.5700325732899023
586,3.0,64,0.7258414766558089
587,3.0,65,0.7280130293159609
588,3.0,66,0.7252985884907709
589,3.0,67,0.7763300760043431
590,3.0,68,0.7095548317046688
591,3.0,69,0.6644951140065146
592,3.0,70,0.6161780673181325
593,3.0,71,0.7182410423452769
594,3.0,72,0.7090119435396308
595,3.0,73,0.6601520086862106
596,3.0,74,0.762214983713355
597,3.0,75,0.6731813246471227
598,3.0,76,0.7231270358306189
599,3.0,77,0.738327904451683
600,3.0,78,0.7133550488599348
601,3.0,79,0.7676438653637351
602,3.0,80,0.738327904451683
603,3.0,81,0.757871878393051
604,3.0,82,0.7915309446254072
609,3.5,0,0.7526041666666666
610,3.5,1,0.7526041666666666
611,3.5,2,0.7526041666666666
612,3.5,3,0.7526041666666666
613,3.5,4,0.7526041666666666
614,3.5,5,0.7526041666666666
615,3.5,6,0.7526041666666666
616,3.5,7,0.7526041666666666
617,3.5,8,0.7526041666666666
618,3.5,9,0.7526041666666666
619,3.5,10,0.7526041666666666
620,3.5,11,0.7526041666666666
621,3.5,12,0.7526041666666666
622,3.5,13,0.7526041666666666
623,3.5,14,0.7526041666666666
624,3.5,15,0.7513020833333334
625,3.5,16,0.7486979166666666
626,3.5,17,0.7486979166666666
627,3.5,18,0.7486979166666666
628,3.5,19,0.7486979166666666
629,3.5,20,0.7369791666666666
630,3.5,21,0.734375
631,3.5,22,0.736328125
632,3.5,23,0.7454427083333334
633,3.5,24,0.765625
634,3.5,25,0.7356770833333334
635,3.5,26,0.75390625
636,3.5,27,0.75
637,3.5,28,0.7434895833333334
638,3.5,29,0.7552083333333334
639,3.5,30,0.7630208333333334
640,3.5,31,0.7473958333333334
641,3.5,32,0.7565104166666666
642,3.5,33,0.77734375
643,3.5,34,0.7766927083333334
644,3.5,35,0.787109375
645,3.5,36,0.7916666666666666
646,3.5,37,0.7740885416666666
647,3.5,38,0.7708333333333334
648,3.5,39,0.7955729166666666
649,3.5,40,0.7955729166666666
650,3.5,41,0.7799479166666666
651,3.5,42,0.826171875
652,3.5,43,0.7942708333333334
653,3.5,44,0.787109375
654,3.5,45,0.798828125
655,3.5,46,0.3046875
656,3.5,47,0.3932291666666667
657,3.5,48,0.375
658,3.5,49,0.38671875
659,3.5,50,0.4713541666666667
660,3.5,51,0.5208333333333334
661,3.5,52,0.484375
662,3.5,53,0.5
663,3.5,54,0.4140625
664,3.5,55,0.6002604166666666
665,3.5,56,0.5807291666666666
666,3.5,57,0.6080729166666666
667,3.5,58,0.46875
668,3.5,59,0.46875
669,3.5,60,0.5013020833333334
670,3.5,61,0.498046875
671,3.5,62,0.5416666666666666
672,3.5,63,0.5423177083333334
673,3.5,64,0.7395833333333334
674,3.5,65,0.7369791666666666
675,3.5,66,0.7473958333333334
676,3.5,67,0.7747395833333334
677,3.5,68,0.6888020833333334
678,3.5,69,0.7330729166666666
679,3.5,70,0.5924479166666666
680,3.5,71,0.6484375
681,3.5,72,0.6953125
682,3.5,73,0.6484375
683,3.5,74,0.7565104166666666
684,3.5,75,0.5286458333333334
685,3.5,76,0.6575520833333334
686,3.5,77,0.6822916666666666
687,3.5,78,0.6822916666666666
688,3.5,79,0.7109375
689,3.5,80,0.7122395833333334
690,3.5,81,0.6998697916666666
691,3.5,82,0.703125
696,4.0,0,0.7607192254495159
697,4.0,1,0.7607192254495159
698,4.0,2,0.7607192254495159
699,4.0,3,0.7607192254495159
700,4.0,4,0.7607192254495159
701,4.0,5,0.7607192254495159
702,4.0,6,0.7607192254495159
703,4.0,7,0.7607192254495159
704,4.0,8,0.7607192254495159
705,4.0,9,0.7607192254495159
706,4.0,10,0.7607192254495159
707,4.0,11,0.7607192254495159
708,4.0,12,0.7607192254495159
709,4.0,13,0.7607192254495159
710,4.0,14,0.7607192254495159
711,4.0,15,0.7621023513139695
712,4.0,16,0.7607192254495159
713,4.0,17,0.7579529737206085
714,4.0,18,0.7565698478561549
715,4.0,19,0.7565698478561549
716,4.0,20,0.7441217150760719
717,4.0,21,0.7441217150760719
718,4.0,22,0.7247579529737206
719,4.0,23,0.7413554633471646
720,4.0,24,0.7648686030428768
721,4.0,25,0.7206085753803596
722,4.0,26,0.7468879668049793
723,4.0,27,0.7510373443983402
724,4.0,28,0.7309820193637621
725,4.0,29,0.7441217150760719
726,4.0,30,0.7634854771784232
727,4.0,31,0.7295988934993084
728,4.0,32,0.7468879668049793
729,4.0,33,0.7607192254495159
730,4.0,34,0.7835408022130014
731,4.0,35,0.784923928077455
732,4.0,36,0.8049792531120332
733,4.0,37,0.7773167358229599
734,4.0,38,0.7786998616874136
735,4.0,39,0.8008298755186722
736,4.0,40,0.7759336099585062
737,4.0,41,0.7842323651452282
738,4.0,42,0.8132780082987552
739,4.0,43,0.7828492392807745
740,4.0,44,0.7759336099585062
741,4.0,45,0.7835408022130014
742,4.0,46,0.29737206085753803
743,4.0,47,0.37621023513139695
744,4.0,48,0.3941908713692946
745,4.0,49,0.41839557399723376
746,4.0,50,0.42047026279391425
747,4.0,51,0.5408022130013831
748,4.0,52,0.45228215767634855
749,4.0,53,0.48824343015214383
750,4.0,54,0.4578146611341632
751,4.0,55,0.6168741355463347
752,4.0,56,0.5518672199170125
753,4.0,57,0.5684647302904564
754,4.0,58,0.45020746887966806
755,4.0,59,0.45020746887966806
756,4.0,60,0.4218533886583679
757,4.0,61,0.41632088520055327
758,4.0,62,0.470954356846473
759,4.0,63,0.47441217150760717
760,4.0,64,0.739972337482711
761,4.0,65,0.7385892116182573
762,4.0,66,0.7081604426002767
763,4.0,67,0.7676348547717843
764,4.0,68,0.6846473029045643
765,4.0,69,0.673582295988935
766,4.0,70,0.5193637621023514
767,4.0,71,0.6438450899031812
768,4.0,72,0.6459197786998617
769,4.0,73,0.5961272475795297
770,4.0,74,0.6804979253112033
771,4.0,75,0.5380359612724758
772,4.0,76,0.640387275242047
773,4.0,77,0.6542185338865837
774,4.0,78,0.6127247579529738
775,4.0,79,0.6597510373443983
776,4.0,80,0.6500691562932227
777,4.0,81,0.6556016597510373
778,4.0,82,0.640387275242047
783,4.5,0,0.7525925925925926
784,4.5,1,0.7525925925925926
785,4.5,2,0.7525925925925926
786,4.5,3,0.7525925925925926
787,4.5,4,0.7525925925925926
788,4.5,5,0.7525925925925926
789,4.5,6,0.7525925925925926
790,4.5,7,0.7525925925925926
791,4.5,8,0.7525925925925926
792,4.5,9,0.7525925925925926
793,4.5,10,0.7525925925925926
794,4.5,11,0.7525925925925926
795,4.5,12,0.7525925925925926
796,4.5,13,0.7525925925925926
797,4.5,14,0.7525925925925926
798,4.5,15,0.7525925925925926
799,4.5,16,0.7511111111111111
800,4.5,17,0.7496296296296296
801,4.5,18,0.7496296296296296
802,4.5,19,0.7496296296296296
803,4.5,20,0.7481481481481481
804,4.5,21,0.7481481481481481
805,4.5,22,0.7066666666666667
806,4.5,23,0.7266666666666667
807,4.5,24,0.7451851851851852
808,4.5,25,0.7096296296296296
809,4.5,26,0.725925925925926
810,4.5,27,0.7392592592592593
811,4.5,28,0.7185185185185186
812,4.5,29,0.7318518518518519
813,4.5,30,0.7437037037037038
814,4.5,31,0.7140740740740741
815,4.5,32,0.7362962962962963
816,4.5,33,0.7466666666666667
817,4.5,34,0.7666666666666667
818,4.5,35,0.7711111111111111
819,4.5,36,0.7792592592592592
820,4.5,37,0.7770370370370371
821,4.5,38,0.7659259259259259
822,4.5,39,0.7851851851851852
823,4.5,40,0.7807407407407407
824,4.5,41,0.7748148148148148
825,4.5,42,0.8066666666666666
826,4.5,43,0.7762962962962963
827,4.5,44,0.7703703703703704
828,4.5,45,0.7666666666666667
829,4.5,46,0.2740740740740741
830,4.5,47,0.39111111111111113
831,4.5,48,0.3466666666666667
832,4.5,49,0.42962962962962964
833,4.5,50,0.37925925925925924
834,4.5,51,0.5496296296296296
835,4.5,52,0.4444444444444444
836,4.5,53,0.48814814814814816
837,4.5,54,0.4696296296296296
838,4.5,55,0.5866666666666667
839,4.5,56,0.6296296296296297
840,4.5,57,0.5511111111111111
841,4.5,58,0.5044444444444445
842,4.5,59,0.5044444444444445
843,4.5,60,0.47185185185185186
844,4.5,61,0.48148148148148145
845,4.5,62,0.5081481481481481
846,4.5,63,0.5081481481481481
847,4.5,64,0.7333333333333333
848,4.5,65,0.7318518518518519
849,4.5,66,0.6844444444444444
850,4.5,67,0.7748148148148148
851,4.5,68,0.6888888888888889
852,4.5,69,0.7081481481481482
853,4.5,70,0.5437037037037037
854,4.5,71,0.6570370370370371
855,4.5,72,0.6340740740740741
856,4.5,73,0.554074074074074
857,4.5,74,0.674074074074074
858,4.5,75,0.5703703703703704
859,4.5,76,0.597037037037037
860,4.5,77,0.6385185185185185
861,4.5,78,0.6237037037037036
862,4.5,79,0.6637037037037037
863,4.5,80,0.6251851851851852
864,4.5,81,0.6444444444444445
865,4.5,82,0.6385185185185185
870,5.0,0,0.6848072562358276
871,5.0,1,0.6848072562358276
872,5.0,2,0.6848072562358276
873,5.0,3,0.6848072562358276
874,5.0,4,0.6848072562358276
875,5.0,5,0.6848072562358276
876,5.0,6,0.6848072562358276
877,5.0,7,0.6848072562358276
878,5.0,8,0.6848072562358276
879,5.0,9,0.6848072562358276
880,5.0,10,0.6848072562358276
881,5.0,11,0.6848072562358276
882,5.0,12,0.6848072562358276
883,5.0,13,0.6848072562358276
884,5.0,14,0.6848072562358276
885,5.0,15,0.6848072562358276
886,5.0,16,0.6825396825396826
887,5.0,17,0.6825396825396826
888,5.0,18,0.6825396825396826
889,5.0,19,0.6802721088435374
890,5.0,20,0.6893424036281179
891,5.0,21,0.6870748299319728
892,5.0,22,0.6213151927437641
893,5.0,23,0.6485260770975056
894,5.0,24,0.6780045351473923
895,5.0,25,0.6507936507936508
896,5.0,26,0.6485260770975056
897,5.0,27,0.6689342403628118
898,5.0,28,0.6462585034013606
899,5.0,29,0.6689342403628118
900,5.0,30,0.7097505668934241
901,5.0,31,0.6462585034013606
902,5.0,32,0.6825396825396826
903,5.0,33,0.7097505668934241
904,5.0,34,0.7346938775510204
905,5.0,35,0.7278911564625851
906,5.0,36,0.7437641723356009
907,5.0,37,0.7346938775510204
908,5.0,38,0.7120181405895691
909,5.0,39,0.7233560090702947
910,5.0,40,0.7505668934240363
911,5.0,41,0.7392290249433107
912,5.0,42,0.7630385487528345
913,5.0,43,0.7437641723356009
914,5.0,44,0.7244897959183674
915,5.0,45,0.7528344671201814
916,5.0,46,0.3401360544217687
917,5.0,47,0.40816326530612246
918,5.0,48,0.36961451247165533
919,5.0,49,0.3877551020408163
920,5.0,50,0.3832199546485261
921,5.0,51,0.5600907029478458
922,5.0,52,0.5328798185941043
923,5.0,53,0.4580498866213152
924,5.0,54,0.4421768707482993
925,5.0,55,0.4965986394557823
926,5.0,56,0.6530612244897959
927,5.0,57,0.5430839002267573
928,5.0,58,0.6020408163265306
929,5.0,59,0.6020408163265306
930,5.0,60,0.5374149659863946
931,5.0,61,0.5396825396825397
932,5.0,62,0.5192743764172335
933,5.0,63,0.5192743764172335
934,5.0,64,0.6326530612244898
935,5.0,65,0.6349206349206349
936,5.0,66,0.6394557823129252
937,5.0,67,0.699546485260771
938,5.0,68,0.63718820861678
939,5.0,69,0.6099773242630385
940,5.0,70,0.6213151927437641
941,5.0,71,0.5204081632653061
942,5.0,72,0.5170068027210885
943,5.0,73,0.46938775510204084
944,5.0,74,0.6643990929705216
945,5.0,75,0.4965986394557823
946,5.0,76,0.5102040816326531
947,5.0,77,0.6167800453514739
948,5.0,78,0.6666666666666666
949,5.0,79,0.5419501133786848
950,5.0,80,0.6507936507936508
951,5.0,81,0.6485260770975056
952,5.0,82,0.5736961451247166
957,5.5,0,0.6582914572864321
958,5.5,1,0.6582914572864321
959,5.5,2,0.6582914572864321
960,5.5,3,0.6582914572864321
961,5.5,4,0.6582914572864321
962,5.5,5,0.6582914572864321
963,5.5,6,0.6582914572864321
964,5.5,7,0.6557788944723618
965,5.5,8,0.6557788944723618
966,5.5,9,0.6557788944723618
967,5.5,10,0.6582914572864321
968,5.5,11,0.6582914572864321
969,5.5,12,0.6582914572864321
970,5.5,13,0.6582914572864321
971,5.5,14,0.6557788944723618
972,5.5,15,0.6582914572864321
973,5.5,16,0.6582914572864321
974,5.5,17,0.6557788944723618
975,5.5,18,0.6557788944723618
976,5.5,19,0.6532663316582915
977,5.5,20,0.6683417085427136
978,5.5,21,0.6633165829145728
979,5.5,22,0.6947236180904522
980,5.5,23,0.7185929648241206
981,5.5,24,0.6834170854271356
982,5.5,25,0.7022613065326633
983,5.5,26,0.6884422110552764
984,5.5,27,0.678391959798995
985,5.5,28,0.7010050251256281
986,5.5,29,0.6884422110552764
987,5.5,30,0.6959798994974874
988,5.5,31,0.6959798994974874
989,5.5,32,0.6758793969849246
990,5.5,33,0.6859296482412061
991,5.5,34,0.6922110552763819
992,5.5,35,0.6909547738693468
993,5.5,36,0.6658291457286433
994,5.5,37,0.6934673366834171
995,5.5,38,0.6859296482412061
996,5.5,39,0.6733668341708543
997,5.5,40,0.7085427135678392
998,5.5,41,0.6821608040201005
999,5.5,42,0.6733668341708543
1000,5.5,43,0.7211055276381909
1001,5.5,44,0.7223618090452262
1002,5.5,45,0.6608040201005025
1003,5.5,46,0.39195979899497485
1004,5.5,47,0.5904522613065326
1005,5.5,48,0.5301507537688442
1006,5.5,49,0.2876884422110553
1007,5.5,50,0.5452261306532663
1008,5.5,51,0.45979899497487436
1009,5.5,52,0.5728643216080402
1010,5.5,53,0.5339195979899497
1011,5.5,54,0.2613065326633166
1012,5.5,55,0.4271356783919598
1013,5.5,56,0.5175879396984925
1014,5.5,57,0.7035175879396985
1015,5.5,58,0.6369346733668342
1016,5.5,59,0.6369346733668342
1017,5.5,60,0.6130653266331658
1018,5.5,61,0.6206030150753769
1019,5.5,62,0.6193467336683417
1020,5.5,63,0.6206030150753769
1021,5.5,64,0.6532663316582915
1022,5.5,65,0.6532663316582915
1023,5.5,66,0.5150753768844221
1024,5.5,67,0.7047738693467337
1025,5.5,68,0.7010050251256281
1026,5.5,69,0.6733668341708543
1027,5.5,70,0.621859296482412
1028,5.5,71,0.6947236180904522
1029,5.5,72,0.6180904522613065
1030,5.5,73,0.6557788944723618
1031,5.5,74,0.635678391959799
1032,5.5,75,0.6582914572864321
1033,5.5,76,0.6934673366834171
1034,5.5,77,0.7160804020100503
1035,5.5,78,0.7035175879396985
1036,5.5,79,0.6055276381909548
1037,5.5,80,0.6557788944723618
1038,5.5,81,0.6984924623115578
1039,5.5,82,0.6809045226130653
1044,6.0,0,0.8098591549295775
1045,6.0,1,0.8098591549295775
1046,6.0,2,0.8098591549295775
1047,6.0,3,0.8098591549295775
1048,6.0,4,0.8098591549295775
1049,6.0,5,0.8098591549295775
1050,6.0,6,0.8098591549295775
1051,6.0,7,0.8098591549295775
1052,6.0,8,0.8098591549295775
1053,6.0,9,0.8098591549295775
1054,6.0,10,0.8098591549295775
1055,6.0,11,0.8098591549295775
1056,6.0,12,0.8098591549295775
1057,6.0,13,0.8098591549295775
1058,6.0,14,0.8098591549295775
1059,6.0,15,0.8070422535211268
1060,6.0,16,0.8070422535211268
1061,6.0,17,0.8070422535211268
1062,6.0,18,0.8098591549295775
1063,6.0,19,0.8098591549295775
1064,6.0,20,0.8028169014084507
1065,6.0,21,0.8056338028169014
1066,6.0,22,0.8183098591549296
1067,6.0,23,0.828169014084507
1068,6.0,24,0.7943661971830986
1069,6.0,25,0.8140845070422535
1070,6.0,26,0.8169014084507042
1071,6.0,27,0.7971830985915493
1072,6.0,28,0.8169014084507042
1073,6.0,29,0.8140845070422535
1074,6.0,30,0.8140845070422535
1075,6.0,31,0.8140845070422535
1076,6.0,32,0.8084507042253521
1077,6.0,33,0.8112676056338028
1078,6.0,34,0.7971830985915493
1079,6.0,35,0.7943661971830986
1080,6.0,36,0.7774647887323943
1081,6.0,37,0.8183098591549296
1082,6.0,38,0.7887323943661971
1083,6.0,39,0.7788732394366197
1084,6.0,40,0.8112676056338028
1085,6.0,41,0.7901408450704225
1086,6.0,42,0.7718309859154929
1087,6.0,43,0.8056338028169014
1088,6.0,44,0.7676056338028169
1089,6.0,45,0.7690140845070422
1090,6.0,46,0.3154929577464789
1091,6.0,47,0.49859154929577465
1092,6.0,48,0.49014084507042255
1093,6.0,49,0.31408450704225355
1094,6.0,50,0.504225352112676
1095,6.0,51,0.5549295774647888
1096,6.0,52,0.676056338028169
1097,6.0,53,0.4056338028169014
1098,6.0,54,0.2028169014084507
1099,6.0,55,0.3492957746478873
1100,6.0,56,0.5605633802816902
1101,6.0,57,0.6197183098591549
1102,6.0,58,0.5380281690140845
1103,6.0,59,0.5380281690140845
1104,6.0,60,0.6380281690140845
1105,6.0,61,0.6338028169014085
1106,6.0,62,0.6830985915492958
1107,6.0,63,0.6943661971830986
1108,6.0,64,0.8126760563380282
1109,6.0,65,0.8126760563380282
1110,6.0,66,0.6197183098591549
1111,6.0,67,0.8169014084507042
1112,6.0,68,0.7661971830985915
1113,6.0,69,0.571830985915493
1114,6.0,70,0.6577464788732394
1115,6.0,71,0.6352112676056338
1116,6.0,72,0.7098591549295775
1117,6.0,73,0.6985915492957746
1118,6.0,74,0.7633802816901408
1119,6.0,75,0.504225352112676
1120,6.0,76,0.6225352112676056
1121,6.0,77,0.7859154929577464
1122,6.0,78,0.7605633802816901
1123,6.0,79,0.6619718309859155
1124,6.0,80,0.7746478873239436
1125,6.0,81,0.780281690140845
1126,6.0,82,0.6676056338028169
1131,6.5,0,0.6863636363636364
1132,6.5,1,0.6863636363636364
1133,6.5,2,0.6863636363636364
1134,6.5,3,0.6863636363636364
1135,6.5,4,0.6863636363636364
1136,6.5,5,0.6863636363636364
1137,6.5,6,0.6863636363636364
1138,6.5,7,0.6863636363636364
1139,6.5,8,0.6863636363636364
1140,6.5,9,0.6863636363636364
1141,6.5,10,0.6863636363636364
1142,6.5,11,0.6863636363636364
1143,6.5,12,0.6863636363636364
1144,6.5,13,0.6863636363636364
1145,6.5,14,0.6863636363636364
1146,6.5,15,0.6863636363636364
1147,6.5,16,0.6863636363636364
1148,6.5,17,0.6863636363636364
1149,6.5,18,0.6863636363636364
1150,6.5,19,0.6863636363636364
1151,6.5,20,0.6863636363636364
1152,6.5,21,0.6954545454545454
1153,6.5,22,0.7159090909090909
1154,6.5,23,0.7045454545454546
1155,6.5,24,0.7136363636363636
1156,6.5,25,0.6954545454545454
1157,6.5,26,0.6772727272727272
1158,6.5,27,0.6909090909090909
1159,6.5,28,0.7
1160,6.5,29,0.7
1161,6.5,30,0.7181818181818181
1162,6.5,31,0.7045454545454546
1163,6.5,32,0.7
1164,6.5,33,0.7045454545454546
1165,6.5,34,0.7068181818181818
1166,6.5,35,0.6727272727272727
1167,6.5,36,0.6909090909090909
1168,6.5,37,0.740909090909091
1169,6.5,38,0.6681818181818182
1170,6.5,39,0.6954545454545454
1171,6.5,40,0.7318181818181818
1172,6.5,41,0.7090909090909091
1173,6.5,42,0.6568181818181819
1174,6.5,43,0.7181818181818181
1175,6.5,44,0.6636363636363637
1176,6.5,45,0.6727272727272727
1177,6.5,46,0.37272727272727274
1178,6.5,47,0.5363636363636364
1179,6.5,48,0.43636363636363634
1180,6.5,49,0.4022727272727273
1181,6.5,50,0.4863636363636364
1182,6.5,51,0.6227272727272727
1183,6.5,52,0.7227272727272728
1184,6.5,53,0.46136363636363636
1185,6.5,54,0.21818181818181817
1186,6.5,55,0.3181818181818182
1187,6.5,56,0.5772727272727273
1188,6.5,57,0.5545454545454546
1189,6.5,58,0.615909090909091
1190,6.5,59,0.615909090909091
1191,6.5,60,0.5931818181818181
1192,6.5,61,0.5886363636363636
1193,6.5,62,0.634090909090909
1194,6.5,63,0.6181818181818182
1195,6.5,64,0.7386363636363636
1196,6.5,65,0.7386363636363636
1197,6.5,66,0.6136363636363636
1198,6.5,67,0.7386363636363636
1199,6.5,68,0.6727272727272727
1200,6.5,69,0.5363636363636364
1201,6.5,70,0.43863636363636366
1202,6.5,71,0.5636363636363636
1203,6.5,72,0.5227272727272727
1204,6.5,73,0.5727272727272728
1205,6.5,74,0.6454545454545455
1206,6.5,75,0.39090909090909093
1207,6.5,76,0.4818181818181818
1208,6.5,77,0.5772727272727273
1209,6.5,78,0.7136363636363636
1210,6.5,79,0.5363636363636364
1211,6.5,80,0.6363636363636364
1212,6.5,81,0.6636363636363637
1213,6.5,82,0.5818181818181818
1218,7.0,0,0.6556291390728477
1219,7.0,1,0.6556291390728477
1220,7.0,2,0.6556291390728477
1221,7.0,3,0.6556291390728477
1222,7.0,4,0.6556291390728477
1223,7.0,5,0.6556291390728477
1224,7.0,6,0.6556291390728477
1225,7.0,7,0.6556291390728477
1226,7.0,8,0.6556291390728477
1227,7.0,9,0.6556291390728477
1228,7.0,10,0.6556291390728477
1229,7.0,11,0.6556291390728477
1230,7.0,12,0.6556291390728477
1231,7.0,13,0.6556291390728477
1232,7.0,14,0.6556291390728477
1233,7.0,15,0.6556291390728477
1234,7.0,16,0.6556291390728477
1235,7.0,17,0.6556291390728477
1236,7.0,18,0.6556291390728477
1237,7.0,19,0.6556291390728477
1238,7.0,20,0.6622516556291391
1239,7.0,21,0.6688741721854304
1240,7.0,22,0.6456953642384106
1241,7.0,23,0.5827814569536424
1242,7.0,24,0.5894039735099338
1243,7.0,25,0.5794701986754967
1244,7.0,26,0.5562913907284768
1245,7.0,27,0.5695364238410596
1246,7.0,28,0.5827814569536424
1247,7.0,29,0.5894039735099338
1248,7.0,30,0.609271523178808
1249,7.0,31,0.5827814569536424
1250,7.0,32,0.5827814569536424
1251,7.0,33,0.5960264900662252
1252,7.0,34,0.6059602649006622
1253,7.0,35,0.5364238410596026
1254,7.0,36,0.5761589403973509
1255,7.0,37,0.6490066225165563
1256,7.0,38,0.5298013245033113
1257,7.0,39,0.5761589403973509
1258,7.0,40,0.6423841059602649
1259,7.0,41,0.6026490066225165
1260,7.0,42,0.5728476821192053
1261,7.0,43,0.6291390728476821
1262,7.0,44,0.5695364238410596
1263,7.0,45,0.5927152317880795
1264,7.0,46,0.423841059602649
1265,7.0,47,0.36423841059602646
1266,7.0,48,0.4105960264900662
1267,7.0,49,0.5331125827814569
1268,7.0,50,0.3841059602649007
1269,7.0,51,0.6622516556291391
1270,7.0,52,0.5562913907284768
1271,7.0,53,0.44039735099337746
1272,7.0,54,0.33774834437086093
1273,7.0,55,0.4900662251655629
1274,7.0,56,0.543046357615894
1275,7.0,57,0.4966887417218543
1276,7.0,58,0.6059602649006622
1277,7.0,59,0.6059602649006622
1278,7.0,60,0.5529801324503312
1279,7.0,61,0.5529801324503312
1280,7.0,62,0.5364238410596026
1281,7.0,63,0.543046357615894
1282,7.0,64,0.6622516556291391
1283,7.0,65,0.6622516556291391
1284,7.0,66,0.5827814569536424
1285,7.0,67,0.6258278145695364
1286,7.0,68,0.5761589403973509
1287,7.0,69,0.4900662251655629
1288,7.0,70,0.5132450331125827
1289,7.0,71,0.6158940397350994
1290,7.0,72,0.6423841059602649
1291,7.0,73,0.6026490066225165
1292,7.0,74,0.6556291390728477
1293,7.0,75,0.4370860927152318
1294,7.0,76,0.4900662251655629
1295,7.0,77,0.6490066225165563
1296,7.0,78,0.6622516556291391
1297,7.0,79,0.5761589403973509
1298,7.0,80,0.6887417218543046
1299,7.0,81,0.6821192052980133
1300,7.0,82,0.5894039735099338
1305,7.5,0,0.8111111111111111
1306,7.5,1,0.8111111111111111
1307,7.5,2,0.8111111111111111
1308,7.5,3,0.8111111111111111
1309,7.5,4,0.8111111111111111
1310,7.5,5,0.8111111111111111
1311,7.5,6,0.8111111111111111
1312,7.5,7,0.8111111111111111
1313,7.5,8,0.8111111111111111
1314,7.5,9,0.8111111111111111
1315,7.5,10,0.8111111111111111
1316,7.5,11,0.8111111111111111
1317,7.5,12,0.8111111111111111
1318,7.5,13,0.8111111111111111
1319,7.5,14,0.8111111111111111
1320,7.5,15,0.8111111111111111
1321,7.5,16,0.8111111111111111
1322,7.5,17,0.8111111111111111
1323,7.5,18,0.8111111111111111
1324,7.5,19,0.8111111111111111
1325,7.5,20,0.8111111111111111
1326,7.5,21,0.8333333333333334
1327,7.5,22,0.7277777777777777
1328,7.5,23,0.7333333333333333
1329,7.5,24,0.7444444444444445
1330,7.5,25,0.6833333333333333
1331,7.5,26,0.7333333333333333
1332,7.5,27,0.7444444444444445
1333,7.5,28,0.7
1334,7.5,29,0.7666666666666667
1335,7.5,30,0.7888888888888889
1336,7.5,31,0.6888888888888889
1337,7.5,32,0.7222222222222222
1338,7.5,33,0.7444444444444445
1339,7.5,34,0.7777777777777778
1340,7.5,35,0.7444444444444445
1341,7.5,36,0.8333333333333334
1342,7.5,37,0.8
1343,7.5,38,0.7555555555555555
1344,7.5,39,0.8333333333333334
1345,7.5,40,0.8
1346,7.5,41,0.7777777777777778
1347,7.5,42,0.7277777777777777
1348,7.5,43,0.8
1349,7.5,44,0.7833333333333333
1350,7.5,45,0.8055555555555556
1351,7.5,46,0.24444444444444444
1352,7.5,47,0.36666666666666664
1353,7.5,48,0.4777777777777778
1354,7.5,49,0.4888888888888889
1355,7.5,50,0.5666666666666667
1356,7.5,51,0.5222222222222223
1357,7.5,52,0.6111111111111112
1358,7.5,53,0.35555555555555557
1359,7.5,54,0.4
1360,7.5,55,0.4111111111111111
1361,7.5,56,0.6
1362,7.5,57,0.48333333333333334
1363,7.5,58,0.55
1364,7.5,59,0.55
1365,7.5,60,0.5611111111111111
1366,7.5,61,0.5388888888888889
1367,7.5,62,0.5222222222222223
1368,7.5,63,0.5111111111111111
1369,7.5,64,0.7611111111111111
1370,7.5,65,0.7611111111111111
1371,7.5,66,0.7111111111111111
1372,7.5,67,0.8222222222222222
1373,7.5,68,0.8222222222222222
1374,7.5,69,0.7666666666666667
1375,7.5,70,0.5444444444444444
1376,7.5,71,0.7444444444444445
1377,7.5,72,0.8111111111111111
1378,7.5,73,0.6333333333333333
1379,7.5,74,0.8222222222222222
1380,7.5,75,0.28888888888888886
1381,7.5,76,0.7666666666666667
1382,7.5,77,0.8333333333333334
1383,7.5,78,0.8666666666666667
1384,7.5,79,0.6222222222222222
1385,7.5,80,0.7888888888888889
1386,7.5,81,0.7666666666666667
1387,7.5,82,0.7666666666666667
1392,8.0,0,0.7888888888888889
1393,8.0,1,0.7888888888888889
1394,8.0,2,0.7888888888888889
1395,8.0,3,0.7888888888888889
1396,8.0,4,0.7888888888888889
1397,8.0,5,0.8
1398,8.0,6,0.8
1399,8.0,7,0.8
1400,8.0,8,0.8
1401,8.0,9,0.8
1402,8.0,10,0.8
1403,8.0,11,0.8
1404,8.0,12,0.8
1405,8.0,13,0.8
1406,8.0,14,0.8
1407,8.0,15,0.8
1408,8.0,16,0.8
1409,8.0,17,0.8
1410,8.0,18,0.8
1411,8.0,19,0.8
1412,8.0,20,0.8
1413,8.0,21,0.8222222222222222
1414,8.0,22,0.7166666666666667
1415,8.0,23,0.7444444444444445
1416,8.0,24,0.7222222222222222
1417,8.0,25,0.7166666666666667
1418,8.0,26,0.7222222222222222
1419,8.0,27,0.7444444444444445
1420,8.0,28,0.7111111111111111
1421,8.0,29,0.7666666666666667
1422,8.0,30,0.8111111111111111
1423,8.0,31,0.7222222222222222
1424,8.0,32,0.7333333333333333
1425,8.0,33,0.7444444444444445
1426,8.0,34,0.7833333333333333
1427,8.0,35,0.7666666666666667
1428,8.0,36,0.8333333333333334
1429,8.0,37,0.8
1430,8.0,38,0.7555555555555555
1431,8.0,39,0.8611111111111112
1432,8.0,40,0.7888888888888889
1433,8.0,41,0.7833333333333333
1434,8.0,42,0.7833333333333333
1435,8.0,43,0.7888888888888889
1436,8.0,44,0.7611111111111111
1437,8.0,45,0.8055555555555556
1438,8.0,46,0.25555555555555554
1439,8.0,47,0.35555555555555557
1440,8.0,48,0.5
1441,8.0,49,0.4666666666666667
1442,8.0,50,0.5888888888888889
1443,8.0,51,0.5111111111111111
1444,8.0,52,0.5888888888888889
1445,8.0,53,0.34444444444444444
1446,8.0,54,0.4444444444444444
1447,8.0,55,0.4111111111111111
1448,8.0,56,0.5777777777777777
1449,8.0,57,0.4722222222222222
1450,8.0,58,0.5333333333333333
1451,8.0,59,0.5333333333333333
1452,8.0,60,0.5111111111111111
1453,8.0,61,0.5277777777777778
1454,8.0,62,0.46111111111111114
1455,8.0,63,0.5
1456,8.0,64,0.7722222222222223
1457,8.0,65,0.7722222222222223
1458,8.0,66,0.6888888888888889
1459,8.0,67,0.8222222222222222
1460,8.0,68,0.8333333333333334
1461,8.0,69,0.7222222222222222
1462,8.0,70,0.6
1463,8.0,71,0.7333333333333333
1464,8.0,72,0.8
1465,8.0,73,0.6666666666666666
1466,8.0,74,0.7888888888888889
1467,8.0,75,0.5555555555555556
1468,8.0,76,0.8222222222222222
1469,8.0,77,0.8111111111111111
1470,8.0,78,0.8
1471,8.0,79,0.6333333333333333
1472,8.0,80,0.8111111111111111
1473,8.0,81,0.7444444444444445
1474,8.0,82,0.7666666666666667
1479,8.5,0,0.7254901960784313
1480,8.5,1,0.7254901960784313
1481,8.5,2,0.7254901960784313
1482,8.5,3,0.7254901960784313
1483,8.5,4,0.7254901960784313
1484,8.5,5,0.7254901960784313
1485,8.5,6,0.7254901960784313
1486,8.5,7,0.7254901960784313
1487,8.5,8,0.7254901960784313
1488,8.5,9,0.7254901960784313
1489,8.5,10,0.7254901960784313
1490,8.5,11,0.7254901960784313
1491,8.5,12,0.7254901960784313
1492,8.5,13,0.7254901960784313
1493,8.5,14,0.7254901960784313
1494,8.5,15,0.7254901960784313
1495,8.5,16,0.7254901960784313
1496,8.5,17,0.7254901960784313
1497,8.5,18,0.7254901960784313
1498,8.5,19,0.7254901960784313
1499,8.5,20,0.7254901960784313
1500,8.5,21,0.7647058823529411
1501,8.5,22,0.7156862745098039
1502,8.5,23,0.7843137254901961
1503,8.5,24,0.7450980392156863
1504,8.5,25,0.696078431372549
1505,8.5,26,0.7647058823529411
1506,8.5,27,0.7254901960784313
1507,8.5,28,0.6862745098039216
1508,8.5,29,0.7450980392156863
1509,8.5,30,0.7450980392156863
1510,8.5,31,0.6862745098039216
1511,8.5,32,0.7254901960784313
1512,8.5,33,0.7254901960784313
1513,8.5,34,0.6470588235294118
1514,8.5,35,0.7647058823529411
1515,8.5,36,0.8627450980392157
1516,8.5,37,0.6862745098039216
1517,8.5,38,0.7843137254901961
1518,8.5,39,0.8823529411764706
1519,8.5,40,0.7450980392156863
1520,8.5,41,0.7843137254901961
1521,8.5,42,0.8137254901960784
1522,8.5,43,0.7843137254901961
1523,8.5,44,0.7156862745098039
1524,8.5,45,0.7549019607843137
1525,8.5,46,0.21568627450980393
1526,8.5,47,0.45098039215686275
1527,8.5,48,0.7254901960784313
1528,8.5,49,0.46078431372549017
1529,8.5,50,0.6666666666666666
1530,8.5,51,0.23529411764705882
1531,8.5,52,0.37254901960784315
1532,8.5,53,0.4411764705882353
1533,8.5,54,0.5098039215686274
1534,8.5,55,0.37254901960784315
1535,8.5,56,0.39215686274509803
1536,8.5,57,0.35294117647058826
1537,8.5,58,0.38235294117647056
1538,8.5,59,0.38235294117647056
1539,8.5,60,0.4117647058823529
1540,8.5,61,0.4215686274509804
1541,8.5,62,0.39215686274509803
1542,8.5,63,0.4019607843137255
1543,8.5,64,0.6862745098039216
1544,8.5,65,0.696078431372549
1545,8.5,66,0.5490196078431373
1546,8.5,67,0.803921568627451
1547,8.5,68,0.803921568627451
1548,8.5,69,0.6862745098039216
1549,8.5,70,0.5882352941176471
1550,8.5,71,0.803921568627451
1551,8.5,72,0.8235294117647058
1552,8.5,73,0.7843137254901961
1553,8.5,74,0.7843137254901961
1554,8.5,75,0.5294117647058824
1555,8.5,76,0.8235294117647058
1556,8.5,77,0.8431372549019608
1557,8.5,78,0.8627450980392157
1558,8.5,79,0.39215686274509803
1559,8.5,80,0.803921568627451
1560,8.5,81,0.7254901960784313
1561,8.5,82,0.7450980392156863
1566,9.0,0,0.9558823529411765
1567,9.0,1,0.9558823529411765
1568,9.0,2,0.9558823529411765
1569,9.0,3,0.9558823529411765
1570,9.0,4,0.9558823529411765
1571,9.0,5,0.9705882352941176
1572,9.0,6,0.9705882352941176
1573,9.0,7,0.9705882352941176
1574,9.0,8,0.9705882352941176
1575,9.0,9,0.9705882352941176
1576,9.0,10,0.9705882352941176
1577,9.0,11,0.9705882352941176
1578,9.0,12,0.9705882352941176
1579,9.0,13,0.9705882352941176
1580,9.0,14,0.9705882352941176
1581,9.0,15,0.9705882352941176
1582,9.0,16,0.9705882352941176
1583,9.0,17,0.9705882352941176
1584,9.0,18,0.9705882352941176
1585,9.0,19,0.9705882352941176
1586,9.0,20,0.9705882352941176
1587,9.0,21,1.0
1588,9.0,22,0.8823529411764706
1589,9.0,23,0.7941176470588235
1590,9.0,24,0.8823529411764706
1591,9.0,25,0.7941176470588235
1592,9.0,26,0.9411764705882353
1593,9.0,27,0.9705882352941176
1594,9.0,28,0.8235294117647058
1595,9.0,29,0.9411764705882353
1596,9.0,30,0.9705882352941176
1597,9.0,31,0.8235294117647058
1598,9.0,32,0.9411764705882353
1599,9.0,33,0.9705882352941176
1600,9.0,34,0.8823529411764706
1601,9.0,35,0.8529411764705882
1602,9.0,36,0.9117647058823529
1603,9.0,37,0.9705882352941176
1604,9.0,38,0.8529411764705882
1605,9.0,39,0.9411764705882353
1606,9.0,40,0.9411764705882353
1607,9.0,41,0.7352941176470589
1608,9.0,42,0.8382352941176471
1609,9.0,43,0.9411764705882353
1610,9.0,44,0.7205882352941176
1611,9.0,45,0.8088235294117647
1612,9.0,46,0.029411764705882353
1613,9.0,47,0.20588235294117646
1614,9.0,48,0.2647058823529412
1615,9.0,49,0.5
1616,9.0,50,0.3235294117647059
1617,9.0,51,0.3235294117647059
1618,9.0,52,0.14705882352941177
1619,9.0,53,0.11764705882352941
1620,9.0,54,0.5294117647058824
1621,9.0,55,0.6470588235294118
1622,9.0,56,0.5882352941176471
1623,9.0,57,0.16176470588235295
1624,9.0,58,0.4117647058823529
1625,9.0,59,0.4117647058823529
1626,9.0,60,0.4117647058823529
1627,9.0,61,0.39705882352941174
1628,9.0,62,0.5735294117647058
1629,9.0,63,0.5588235294117647
1630,9.0,64,0.9264705882352942
1631,9.0,65,0.9411764705882353
1632,9.0,66,0.7941176470588235
1633,9.0,67,0.8529411764705882
1634,9.0,68,0.9705882352941176
1635,9.0,69,0.7941176470588235
1636,9.0,70,0.8529411764705882
1637,9.0,71,0.8529411764705882
1638,9.0,72,0.9411764705882353
1639,9.0,73,0.9411764705882353
1640,9.0,74,0.7941176470588235
1641,9.0,75,0.7352941176470589
1642,9.0,76,0.9117647058823529
1643,9.0,77,0.9411764705882353
1644,9.0,78,0.9705882352941176
1645,9.0,79,0.6176470588235294
1646,9.0,80,0.9117647058823529
1647,9.0,81,0.9411764705882353
1648,9.0,82,0.7941176470588235
1653,9.5,0,1.0
1654,9.5,1,1.0
1655,9.5,2,1.0
1656,9.5,3,1.0
1657,9.5,4,1.0
1658,9.5,5,1.0
1659,9.5,6,1.0
1660,9.5,7,1.0
1661,9.5,8,1.0
1662,9.5,9,1.0
1663,9.5,10,1.0
1664,9.5,11,1.0
1665,9.5,12,1.0
1666,9.5,13,1.0
1667,9.5,14,1.0
1668,9.5,15,1.0
1669,9.5,16,1.0
1670,9.5,17,1.0
1671,9.5,18,1.0
1672,9.5,19,1.0
1673,9.5,20,1.0
1674,9.5,21,1.0
1675,9.5,22,0.8571428571428571
1676,9.5,23,0.9047619047619048
1677,9.5,24,0.8571428571428571
1678,9.5,25,0.7142857142857143
1679,9.5,26,0.9047619047619048
1680,9.5,27,0.9523809523809523
1681,9.5,28,0.7619047619047619
1682,9.5,29,0.8571428571428571
1683,9.5,30,0.9523809523809523
1684,9.5,31,0.7619047619047619
1685,9.5,32,0.8571428571428571
1686,9.5,33,0.9523809523809523
1687,9.5,34,0.8571428571428571
1688,9.5,35,0.8571428571428571
1689,9.5,36,0.8571428571428571
1690,9.5,37,0.9523809523809523
1691,9.5,38,0.6666666666666666
1692,9.5,39,0.9047619047619048
1693,9.5,40,0.9047619047619048
1694,9.5,41,0.6190476190476191
1695,9.5,42,0.7619047619047619
1696,9.5,43,0.9047619047619048
1697,9.5,44,0.5714285714285714
1698,9.5,45,0.6666666666666666
1699,9.5,46,0.047619047619047616
1700,9.5,47,0.19047619047619047
1701,9.5,48,0.47619047619047616
1702,9.5,49,0.35714285714285715
1703,9.5,50,0.5714285714285714
1704,9.5,51,0.42857142857142855
1705,9.5,52,0.5714285714285714
1706,9.5,53,0.09523809523809523
1707,9.5,54,0.42857142857142855
1708,9.5,55,0.42857142857142855
1709,9.5,56,0.47619047619047616
1710,9.5,57,0.23809523809523808
1711,9.5,58,0.5952380952380952
1712,9.5,59,0.5952380952380952
1713,9.5,60,0.6666666666666666
1714,9.5,61,0.6190476190476191
1715,9.5,62,0.6190476190476191
1716,9.5,63,0.6190476190476191
1717,9.5,64,0.9523809523809523
1718,9.5,65,0.9523809523809523
1719,9.5,66,0.8571428571428571
1720,9.5,67,0.8095238095238095
1721,9.5,68,0.9523809523809523
1722,9.5,69,0.8571428571428571
1723,9.5,70,0.7142857142857143
1724,9.5,71,0.8571428571428571
1725,9.5,72,1.0
1726,9.5,73,1.0
1727,9.5,74,0.9523809523809523
1728,9.5,75,1.0
1729,9.5,76,0.9523809523809523
1730,9.5,77,0.9523809523809523
1731,9.5,78,0.9523809523809523
1732,9.5,79,0.9523809523809523
1733,9.5,80,1.0
1734,9.5,81,1.0
1735,9.5,82,0.8571428571428571
1740,10.0,0,1.0
1741,10.0,1,1.0
1742,10.0,2,1.0
1743,10.0,3,1.0
1744,10.0,4,1.0
1745,10.0,5,1.0
1746,10.0,6,1.0
1747,10.0,7,1.0
1748,10.0,8,1.0
1749,10.0,9,1.0
1750,10.0,10,1.0
1751,10.0,11,1.0
1752,10.0,12,1.0
1753,10.0,13,1.0
1754,10.0,14,1.0
1755,10.0,15,1.0
1756,10.0,16,1.0
1757,10.0,17,1.0
1758,10.0,18,1.0
1759,10.0,19,1.0
1760,10.0,20,1.0
1761,10.0,21,1.0
1762,10.0,22,0.8571428571428571
1763,10.0,23,0.9047619047619048
1764,10.0,24,0.8571428571428571
1765,10.0,25,0.7142857142857143
1766,10.0,26,0.8571428571428571
1767,10.0,27,0.8571428571428571
1768,10.0,28,0.7619047619047619
1769,10.0,29,0.7619047619047619
1770,10.0,30,1.0
1771,10.0,31,0.7142857142857143
1772,10.0,32,0.8095238095238095
1773,10.0,33,0.9047619047619048
1774,10.0,34,0.8571428571428571
1775,10.0,35,0.8095238095238095
1776,10.0,36,0.6666666666666666
1777,10.0,37,0.9047619047619048
1778,10.0,38,0.6666666666666666
1779,10.0,39,0.8571428571428571
1780,10.0,40,0.9523809523809523
1781,10.0,41,0.5714285714285714
1782,10.0,42,0.7142857142857143
1783,10.0,43,0.9523809523809523
1784,10.0,44,0.5714285714285714
1785,10.0,45,0.6190476190476191
1786,10.0,46,0.14285714285714285
1787,10.0,47,0.23809523809523808
1788,10.0,48,0.38095238095238093
1789,10.0,49,0.5
1790,10.0,50,0.42857142857142855
1791,10.0,51,0.5714285714285714
1792,10.0,52,0.7619047619047619
1793,10.0,53,0.5476190476190477
1794,10.0,54,0.5238095238095238
1795,10.0,55,0.42857142857142855
1796,10.0,56,0.5714285714285714
1797,10.0,57,0.19047619047619047
1798,10.0,58,0.30952380952380953
1799,10.0,59,0.30952380952380953
1800,10.0,60,0.42857142857142855
1801,10.0,61,0.40476190476190477
1802,10.0,62,0.4523809523809524
1803,10.0,63,0.4523809523809524
1804,10.0,64,0.9523809523809523
1805,10.0,65,0.9523809523809523
1806,10.0,66,0.8095238095238095
1807,10.0,67,0.6190476190476191
1808,10.0,68,1.0
1809,10.0,69,0.8571428571428571
1810,10.0,70,0.7619047619047619
1811,10.0,71,0.8571428571428571
1812,10.0,72,1.0
1813,10.0,73,1.0
1814,10.0,74,0.9523809523809523
1815,10.0,75,0.5714285714285714
1816,10.0,76,0.9523809523809523
1817,10.0,77,1.0
1818,10.0,78,0.9523809523809523
1819,10.0,79,0.8571428571428571
1820,10.0,80,1.0
1821,10.0,81,1.0
1822,10.0,82,0.8571428571428571
